CONTIG_ID	NB_READS_MAPPED	CONTIG_LENGTH
125_DCM_0d2-0d45_scaffold155893_1_gene134118	302	939
93_SUR_0d2-3_C16775008_1_gene564529	646	5016
112_DCM_0d2-3_C20407904_1_gene611065	148	1164
102_SUR_0d2-3_C20503188_1_gene684681	172	894
151_SUR_0d2-3_C20638947_1_gene671101	265	1365
76_SUR_0d2-0d45_C25841511_1_gene439764	47	705
124_DCM_0d2-0d45_C15949357_1_gene599264	382	1086
78_SUR_0d2-0d45_scaffold96951_1_gene62568	788	3891
102_DCM_0d2-3_C26936334_1_gene728815	56	744
67_SUR_0d2-0d45_scaffold148833_1_gene148003	297	1290
67_SUR_0d2-0d45_C17328126_1_gene446612	82	984
78_SUR_0d2-0d45_C20925730_1_gene332003	134	561
78_DCM_0d2-3_C15749194_1_gene404897	77	747
137_SUR_0d2-3_scaffold269149_1_gene266269	223	1548
78_SUR_0d2-0d45_scaffold197782_1_gene134621	346	738
48_SUR_0d2-1d6_C43014216_1_gene471586	118	864
78_DCM_0d45-0d8_C15684427_1_gene439090	334	1413
125_SUR_0d2-0d45_scaffold367930_1_gene428285	140	819
100_MES_0d2-3_C14815389_1_gene555626	85	912
36_DCM_0d2-1d6_scaffold312123_1_gene322957	330	2019
133_DCM_0d2-3_scaffold330242_1_gene394990	645	1020
78_SUR_0d2-0d45_C21191077_1_gene455634	147	1005
30_SUR_0d2-1d6_scaffold303612_1_gene393515	125	1065
152_DCM_0d2-3_scaffold317919_1_gene337581	1991	3612
100_SUR_0d2-3_scaffold361103_1_gene394865	183	1080
41_DCM_0d2-1d6_C20357565_1_gene672408	86	750
78_SUR_0d2-0d45_C21178495_1_gene449503	112	951
66_SUR_0d2-3_C15775350_1_gene357072	37	651
137_SUR_0d2-3_scaffold276808_1_gene289617	360	3999
76_DCM_0d2-0d45_C16861120_1_gene545832	340	1887
9_SUR_0d2-1d6_C13911450_1_gene659114	307	3768
100_SUR_0d2-3_C22638181_1_gene678766	508	3798
42_DCM_0d2-1d6_scaffold285817_1_gene295338	149	1365
133_SUR_0d2-3_scaffold251826_1_gene241141	463	1617
123_DCM_0d2-3_scaffold349652_1_gene443562	1328	3819
94_SUR_0d2-3_scaffold489820_1_gene576879	145	852
76_SUR_0d2-3_scaffold37745_1_gene14429	1137	1701
72_SUR_0d2-3_scaffold46013_1_gene31792	1719	3636
112_SUR_0d2-3_C28442440_1_gene520404	562	1176
125_DCM_0d45-0d8_C27030249_1_gene578691	81	771
72_SUR_0d2-3_scaffold271557_1_gene274838	438	1260
122_SUR_0d2-3_C15835750_1_gene417842	569	2469
125_SUR_0d2-0d45_C15631890_1_gene981497	101	1335
18_DCM_0d2-1d6_C20774538_1_gene722082	212	1347
58_DCM_0d2-3_C20683001_1_gene403910	215	834
67_SUR_0d2-0d45_scaffold73687_1_gene70330	280	1365
137_MES_0d2-3_scaffold36928_1_gene31885	426	2127
124_SUR_0d2-3_scaffold105754_1_gene77628	828	2817
4_DCM_0d2-1d6_C22933734_1_gene668875	483	1005
125_SUR_0d2-0d45_scaffold424754_1_gene532019	794	5178
39_DCM_0d2-1d6_scaffold218549_1_gene203227	1254	3507
102_SUR_0d2-3_scaffold371407_1_gene350610	757	3972
72_SUR_0d2-3_C22918760_1_gene488856	222	1737
111_SUR_0d2-3_scaffold275213_1_gene259640	158	1071
109_SUR_0d2-3_scaffold29097_1_gene19398	129	1419
102_DCM_0d2-3_scaffold360335_1_gene376894	128	1203
7_DCM_0d2-1d6_C7096371_1_gene244793	35	600
133_DCM_0d2-3_scaffold293754_1_gene313863	877	4473
67_SUR_0d2-0d45_scaffold80806_1_gene77418	2021	3948
67_SUR_0d2-0d45_C17327560_1_gene446357	49	981
68_SUR_0d2-0d45_scaffold364860_1_gene357418	396	1305
96_SUR_0d2-3_scaffold265068_1_gene217768	155	780
78_DCM_0d2-0d45_C22051774_1_gene449427	26	537
102_DCM_0d2-3_scaffold397762_1_gene462491	86	1341
102_SUR_0d2-3_C20558966_1_gene708036	86	1278
4_DCM_0d2-1d6_C22864032_1_gene637869	171	531
56_SUR_0d2-3_C24176486_1_gene354396	694	2688
25_SUR_0d2-1d6_C16867629_1_gene682754	111	1023
4_SUR_0d2-1d6_scaffold23759_1_gene18001	74	942
70_MES_0d2-0d45_C10188896_1_gene268986	2244	4944
67_SUR_0d2-0d45_scaffold204625_1_gene258428	516	3930
25_DCM_0d2-1d6_scaffold350834_1_gene396428	297	1764
142_SUR_0d2-3_scaffold257940_1_gene275797	97	987
30_SUR_0d2-1d6_C15021512_1_gene728241	296	1476
41_SUR_0d2-1d6_scaffold294704_1_gene272386	75	1011
78_SUR_0d2-0d45_scaffold302650_1_gene277956	1172	3753
67_SUR_0d2-0d45_scaffold62068_3_gene58130	1223	3582
9_SUR_0d2-1d6_scaffold284077_1_gene386416	284	1467
78_SUR_0d2-0d45_scaffold302706_1_gene278626	867	3939
52_DCM_0d2-1d6_scaffold315811_1_gene249178	103	894
67_SUR_0d2-0d45_scaffold5373_1_gene5147	2224	3720
32_DCM_0d2-1d6_scaffold6017_1_gene5985	987	3837
123_SUR_0d45-0d8_C15532742_1_gene464973	132	723
58_DCM_0d2-3_C20767737_1_gene440259	182	1326
38_DCM_0d2-1d6_scaffold345121_1_gene353432	194	1803
140_SUR_0d2-3_C21088985_1_gene507624	43	834
133_SUR_0d2-3_C26859979_1_gene1029551	789	3858
76_SUR_0d2-0d45_C26107466_1_gene589034	272	2241
124_DCM_0d2-0d45_C15766268_1_gene503856	91	720
38_SUR_0d2-1d6_scaffold109031_1_gene87453	480	1332
67_SUR_0d2-0d45_C17414574_1_gene492932	107	1197
145_SUR_0d2-3_scaffold312878_1_gene348804	151	1032
102_DCM_0d2-3_scaffold398860_1_gene467233	448	2592
123_SUR_0d2-0d45_scaffold160043_2_gene165511	1904	4017
94_SUR_0d2-3_scaffold459336_1_gene509394	232	2070
102_DCM_0d2-3_scaffold367921_1_gene390911	134	1701
102_SUR_0d2-3_scaffold395565_1_gene394060	314	2586
102_DCM_0d2-3_C27265897_1_gene893484	84	900
70_SUR_0d2-0d45_scaffold385144_1_gene370623	389	3222
124_SUR_0d45-0d8_scaffold264793_1_gene332664	1387	3792
93_SUR_0d2-3_scaffold73530_1_gene67685	408	1863
102_SUR_0d2-3_C20462472_1_gene667874	77	1038
152_SUR_0d2-3_C15687639_1_gene420582	34	570
70_SUR_0d2-0d45_C23990485_1_gene692193	839	3759
152_DCM_0d2-3_C19207620_1_gene494355	127	699
133_SUR_0d2-3_scaffold401909_1_gene389620	42	501
57_SUR_0d2-3_C23428274_1_gene239114	88	498
150_SUR_0d2-3_C21912669_1_gene492437	149	816
42_SUR_0d2-1d6_C25719726_1_gene423886	609	1092
72_DCM_0d2-3_scaffold329701_1_gene347173	603	2589
76_SUR_0d45-0d8_scaffold198565_1_gene187646	4137	3930
31_SUR_0d2-1d6_C28444847_1_gene345867	15	594
145_SUR_0d2-3_C14081650_1_gene557637	42	798
132_SUR_0d2-3_scaffold261654_1_gene253530	330	2469
64_DCM_0d2-3_C16399897_1_gene306273	54	522
125_DCM_0d2-3_scaffold448069_2_gene607719	453	3264
152_DCM_0d2-3_C19243816_1_gene511317	54	741
124_SUR_0d45-0d8_C18958279_1_gene546978	348	1608
111_DCM_0d2-3_scaffold223306_1_gene182744	1551	3723
4_DCM_0d2-1d6_C22966966_1_gene683608	322	1260
4_SUR_0d2-1d6_C22083778_1_gene415615	32	507
65_SUR_0d2-3_scaffold197916_1_gene159674	683	2454
65_DCM_0d2-3_C21571962_1_gene249167	59	699
4_DCM_0d2-1d6_C23055920_1_gene723849	480	2232
66_DCM_0d2-3_scaffold124565_1_gene132698	1778	3927
65_DCM_0d1-0d2_scaffold21735_1_gene16919	575	3960
76_SUR_0d2-0d45_C25856933_1_gene447508	117	723
133_SUR_0d2-3_scaffold452749_1_gene460999	266	1272
30_SUR_0d2-1d6_scaffold292747_1_gene368444	312	1992
18_DCM_0d2-1d6_C20564169_1_gene630106	87	759
78_SUR_0d45-0d8_scaffold188476_1_gene153908	83	987
78_SUR_0d2-0d45_scaffold302444_1_gene276630	1022	3828
64_SUR_0d2-3_C52569016_1_gene607007	165	777
93_DCM_0d2-3_scaffold55010_4_gene49638	1048	2427
72_SUR_0d2-3_scaffold159767_1_gene122327	916	3588
133_SUR_0d2-3_scaffold518328_1_gene602781	262	2580
23_DCM_0d2-1d6_scaffold143407_1_gene163158	268	2334
98_SUR_0d2-3_C16263803_1_gene330852	326	2520
76_DCM_0d45-0d8_C12300568_1_gene391607	87	918
67_SUR_0d2-3_scaffold123660_1_gene156701	421	1254
123_DCM_0d2-0d45_C14109096_1_gene556620	83	579
38_DCM_0d2-1d6_scaffold321027_1_gene301187	461	3531
133_DCM_0d2-3_C18170170_1_gene794609	356	2124
36_DCM_0d2-1d6_scaffold279317_1_gene258840	921	4965
67_SUR_0d2-0d45_C17410166_1_gene490419	136	1530
78_DCM_0d2-0d45_scaffold157021_1_gene121023	177	1077
99_SUR_0d2-3_scaffold340240_1_gene308626	1134	3969
123_DCM_0d2-0d45_scaffold109871_1_gene117756	188	1200
124_SUR_0d2-3_scaffold225454_1_gene185233	198	885
67_SUR_0d2-0d45_scaffold39423_1_gene33844	540	3774
149_SUR_0d2-3_C18416412_1_gene620166	1375	3873
67_SUR_0d2-0d45_scaffold166427_1_gene171188	90	570
72_DCM_0d2-3_scaffold144211_2_gene120062	168	1026
32_DCM_0d2-1d6_scaffold251454_1_gene234969	138	936
41_SUR_0d2-1d6_C31564895_1_gene413854	154	756
30_SUR_0d2-1d6_scaffold309336_1_gene408622	738	3537
125_DCM_0d2-3_scaffold413644_1_gene512206	1505	3723
140_SUR_0d2-3_C21132582_1_gene529043	146	690
76_SUR_0d2-0d45_C26089416_1_gene575447	462	2187
149_SUR_0d2-3_C17853677_1_gene325379	21	543
146_SUR_0d2-3_scaffold98623_1_gene88775	1157	3963
30_SUR_0d2-1d6_C15034358_1_gene735185	433	3741
4_DCM_0d2-1d6_scaffold214747_1_gene169638	1372	1599
123_SUR_0d2-0d45_C21153313_1_gene488919	261	1212
45_SUR_0d2-1d6_C33480517_1_gene382329	97	975
152_SUR_0d2-3_scaffold310387_1_gene324858	235	1491
64_SUR_0d2-3_scaffold400213_1_gene311836	1826	1566
4_DCM_0d2-1d6_scaffold188855_1_gene148948	214	1239
67_SUR_0d2-0d45_scaffold28809_1_gene24578	1638	3840
133_MES_0d2-3_C22290198_1_gene399201	101	951
124_SUR_0d2-3_scaffold468506_1_gene454521	273	1284
4_DCM_0d2-1d6_scaffold88319_1_gene67300	851	3984
123_SUR_0d45-0d8_scaffold235930_1_gene294938	2751	3570
34_DCM_0d2-1d6_scaffold426099_1_gene434826	27	513
67_SUR_0d2-0d45_scaffold74963_1_gene71571	492	2550
56_SUR_0d2-3_C23977180_1_gene242474	66	639
65_DCM_0d2-3_C21751563_1_gene363119	891	3930
67_SUR_0d2-3_scaffold127501_1_gene169540	3962	4851
132_SUR_0d2-3_C27276081_1_gene405401	47	900
48_SUR_0d2-1d6_scaffold14185_1_gene8808	123	1086
76_DCM_0d2-0d45_scaffold199645_1_gene156231	182	834
133_DCM_0d2-3_C17982121_1_gene695757	102	807
67_SUR_0d2-0d45_scaffold205100_1_gene263164	2123	4323
112_DCM_0d2-3_C20361472_1_gene587379	135	885
122_DCM_0d2-3_scaffold327593_1_gene442625	1075	3540
125_DCM_0d1-0d2_C4170366_1_gene266652	115	735
41_DCM_0d2-1d6_scaffold307367_1_gene290545	117	1053
67_SUR_0d2-0d45_scaffold50655_1_gene46342	6148	4143
125_DCM_0d2-3_C14881089_1_gene856046	123	747
70_SUR_0d2-3_scaffold131244_1_gene85542	361	957
140_SUR_0d2-3_C20907328_1_gene421073	73	612
148_SUR_0d2-3_scaffold303459_1_gene293618	629	2559
76_MES_0d45-0d8_C12863354_1_gene319885	46	498
72_DCM_0d2-3_scaffold328330_1_gene341177	236	1026
67_SUR_0d45-0d8_scaffold291873_1_gene373426	725	3882
132_SUR_0d2-3_scaffold170318_1_gene129018	601	4047
84_SUR_0d2-3_scaffold65207_1_gene42805	338	1314
150_SUR_0d2-3_C21886057_1_gene478959	32	693
36_SUR_0d2-1d6_scaffold87521_2_gene75400	802	3723
57_SUR_0d2-3_C23782685_1_gene376646	1355	3645
133_SUR_0d2-3_C26783673_1_gene995723	1238	1623
133_DCM_0d2-3_scaffold245461_1_gene241907	1261	1092
100_SUR_0d2-3_scaffold316197_1_gene295847	917	2421
30_DCM_0d2-1d6_scaffold347032_1_gene383825	628	3783
85_SUR_0d2-3_scaffold169231_2_gene159851	884	3756
67_SUR_0d45-0d8_scaffold64538_1_gene63808	604	1152
145_SUR_0d2-3_scaffold69820_1_gene70095	304	1056
72_SUR_0d2-3_scaffold266105_1_gene256755	275	1683
102_DCM_0d2-3_scaffold388727_1_gene434831	330	2004
82_SUR_0d2-3_C11283547_1_gene380303	547	4092
68_DCM_0d2-0d45_C15367836_1_gene438451	116	780
137_SUR_0d2-3_scaffold258002_1_gene244065	457	2577
41_SUR_0d2-1d6_C31584529_1_gene422695	48	792
125_DCM_0d45-0d8_scaffold194209_1_gene183705	158	864
56_SUR_0d2-3_C23961166_1_gene234164	51	618
65_SUR_0d2-3_C11636525_1_gene301741	196	1020
76_DCM_0d2-0d45_scaffold280237_1_gene244135	156	1071
78_DCM_0d2-0d45_C22252791_1_gene532548	118	567
125_SUR_0d2-0d45_scaffold217653_1_gene246453	56	633
9_SUR_0d2-1d6_C13918756_1_gene662338	689	3570
9_DCM_0d2-1d6_C20361648_1_gene676743	99	732
125_DCM_0d2-0d45_scaffold317440_1_gene327152	260	1350
102_DCM_0d2-3_scaffold240714_1_gene228011	1300	3591
122_SUR_0d2-3_C15760202_1_gene372340	184	909
112_SUR_0d2-3_scaffold198957_1_gene144366	478	861
36_DCM_0d2-1d6_C20774726_1_gene454208	60	693
111_SUR_0d2-3_C22935303_1_gene541743	136	861
122_SUR_0d2-3_C15730933_1_gene356015	133	870
67_SUR_0d2-0d45_C17405508_1_gene487772	144	1182
4_SUR_0d2-1d6_scaffold313954_1_gene271549	8	576
133_DCM_0d2-3_scaffold103551_2_gene99818	74	552
4_DCM_0d2-1d6_scaffold116880_1_gene91255	3043	3615
145_SUR_0d2-3_C14254617_1_gene624603	59	807
65_SUR_0d1-0d2_C11260912_1_gene293451	468	3906
138_SUR_0d2-3_scaffold44499_1_gene27938	1744	3798
76_SUR_0d2-0d45_scaffold245076_1_gene192943	125	930
67_SUR_0d2-0d45_scaffold202316_1_gene247266	173	1536
76_DCM_0d2-3_scaffold85838_1_gene74459	89	921
66_SUR_0d2-3_C15902695_1_gene409259	110	879
109_DCM_0d2-3_scaffold98155_1_gene79406	40	573
67_SUR_0d2-0d45_C17159550_1_gene363695	36	657
66_DCM_0d2-3_scaffold33759_3_gene28829	1029	1230
36_SUR_0d2-1d6_C13233935_1_gene368829	635	1326
151_DCM_0d2-3_C16390088_1_gene570759	50	1059
30_SUR_0d2-1d6_C15011004_1_gene723083	446	2046
125_DCM_0d1-0d2_C4229540_1_gene296234	71	996
52_DCM_0d2-1d6_scaffold186436_1_gene134429	1467	3822
125_DCM_0d2-0d45_C21705046_1_gene630341	272	1023
123_DCM_0d2-3_C16169352_1_gene655552	137	633
150_DCM_0d2-3_scaffold155397_2_gene127744	852	3234
70_SUR_0d2-0d45_C23499126_1_gene460700	27	528
145_SUR_0d2-3_scaffold324078_1_gene375223	78	1293
150_SUR_0d2-3_scaffold131964_1_gene103178	951	3498
133_SUR_0d2-3_C26818585_1_gene1010850	160	1461
102_SUR_0d2-3_scaffold383996_1_gene372427	276	1059
133_DCM_0d2-3_scaffold331438_1_gene399814	246	1155
67_SUR_0d2-0d45_scaffold127019_1_gene124377	875	3621
52_SUR_0d2-1d6_C27338829_1_gene518159	404	1080
41_SUR_0d2-1d6_scaffold110553_1_gene78335	557	3828
76_DCM_0d2-0d45_scaffold248830_1_gene201035	600	2376
78_SUR_0d2-3_scaffold229406_1_gene121612	156	1203
67_SUR_0d2-0d45_scaffold69096_1_gene65699	687	2268
78_SUR_0d2-0d45_C20845017_1_gene295616	71	516
67_SUR_0d2-0d45_C17451478_1_gene515119	216	1926
68_SUR_0d2-0d45_scaffold68635_3_gene49698	1617	3417
102_SUR_0d2-3_scaffold230575_1_gene195808	1074	3105
102_DCM_0d2-3_C26716371_1_gene624410	21	606
30_SUR_0d2-1d6_scaffold267371_1_gene317352	310	1164
122_DCM_0d2-0d45_scaffold285205_2_gene404286	463	3042
96_SUR_0d2-3_scaffold186700_1_gene140454	232	669
7_SUR_0d2-1d6_scaffold212369_1_gene213802	133	1770
9_SUR_0d2-1d6_C13688138_1_gene566860	85	828
45_SUR_0d2-1d6_scaffold265357_1_gene241187	928	3918
93_SUR_0d2-3_scaffold151423_1_gene141293	181	1332
9_SUR_0d2-1d6_scaffold147713_1_gene182312	1081	3747
124_SUR_0d2-3_C37520883_1_gene769328	151	714
133_DCM_0d2-3_C17710783_1_gene567223	38	642
133_MES_0d2-3_C22199522_1_gene360532	60	720
133_SUR_0d2-3_scaffold134321_1_gene126887	347	3783
128_DCM_0d2-3_scaffold111539_1_gene100054	2616	4707
70_MES_0d2-0d45_scaffold115602_2_gene161347	2275	3933
85_MES_0d2-3_scaffold236128_1_gene254907	62	675
70_SUR_0d2-0d45_scaffold388976_1_gene389565	1326	3792
25_SUR_0d2-1d6_scaffold341702_1_gene385960	1425	3921
78_SUR_0d2-3_scaffold320719_1_gene201260	95	882
65_SUR_0d2-3_scaffold219271_2_gene200635	1400	3963
66_SUR_0d2-3_scaffold84265_1_gene68321	800	2784
67_SUR_0d2-0d45_C17385048_1_gene476547	160	882
70_MES_0d45-0d8_C13673383_1_gene413292	266	1842
125_DCM_0d2-0d45_C21522251_1_gene539921	48	549
9_SUR_0d2-1d6_C13841616_1_gene630525	141	1662
109_DCM_0d2-3_scaffold290966_1_gene291304	305	2331
78_DCM_0d2-0d45_C22527977_1_gene645246	394	1152
67_SUR_0d2-0d45_C17308354_1_gene436636	79	918
137_SUR_0d2-3_scaffold276536_1_gene287773	217	2706
48_SUR_0d2-1d6_scaffold279282_1_gene237661	39	861
133_SUR_0d2-3_C26697929_1_gene957737	152	1209
102_SUR_0d2-3_C20333914_1_gene615320	82	768
42_DCM_0d2-1d6_C17918113_1_gene533243	42	483
76_SUR_0d2-0d45_C26094588_1_gene578985	178	1626
133_DCM_0d2-3_scaffold319055_1_gene363371	391	3555
76_DCM_0d2-0d45_scaffold243264_1_gene195269	150	609
102_DCM_0d2-3_scaffold319302_1_gene311485	695	2895
67_SUR_0d45-0d8_scaffold291582_1_gene370455	295	1248
67_SUR_0d2-0d45_scaffold204099_1_gene255008	932	3237
109_DCM_0d2-3_C16196899_1_gene361872	28	615
124_SUR_0d2-3_C37414128_1_gene722023	110	645
122_DCM_0d2-0d45_C13921914_1_gene693867	53	576
67_SUR_0d2-0d45_scaffold201806_1_gene245394	146	1458
123_SUR_0d2-0d45_scaffold157534_1_gene152873	819	2610
57_SUR_0d2-3_scaffold174543_1_gene132260	2131	3609
76_DCM_0d2-0d45_scaffold313200_1_gene308761	113	486
122_DCM_0d2-0d45_scaffold293602_1_gene441506	1996	5394
78_SUR_0d2-3_scaffold343044_1_gene238721	1215	3753
85_DCM_0d2-3_scaffold38294_1_gene25186	2095	3981
149_SUR_0d2-3_scaffold164379_1_gene141840	62	912
132_DCM_0d2-3_C19690678_1_gene740144	101	915
68_SUR_0d2-3_C14712758_1_gene194014	73	507
67_SUR_0d45-0d8_scaffold281113_1_gene333378	306	1137
70_SUR_0d2-0d45_C23983765_1_gene687499	671	3507
122_DCM_0d2-0d45_scaffold102415_1_gene128598	198	1710
133_SUR_0d2-3_C26606220_1_gene918144	217	966
102_DCM_0d2-3_C26860534_1_gene692832	29	684
30_SUR_0d2-1d6_C14373264_1_gene475087	45	519
67_SUR_0d45-0d8_C12920627_1_gene562396	633	951
123_SUR_0d2-0d45_C21100305_1_gene450484	102	984
78_DCM_0d2-0d45_scaffold63849_1_gene43257	455	2652
82_DCM_0d2-3_C19746735_1_gene528882	109	1128
76_DCM_0d2-0d45_scaffold314756_1_gene314945	287	1569
146_SUR_0d2-3_C15816947_1_gene648204	586	3999
7_SUR_0d2-1d6_C8576245_1_gene261057	23	525
67_SUR_0d45-0d8_C12940361_1_gene570768	332	1008
76_DCM_0d2-0d45_scaffold182394_1_gene142584	104	840
111_SUR_0d2-3_scaffold195139_1_gene157735	800	1350
76_DCM_0d2-0d45_C16791560_1_gene515359	315	1167
132_SUR_0d2-3_C27351960_1_gene441814	133	1395
66_DCM_0d2-3_scaffold123024_1_gene127905	963	3963
124_SUR_0d2-3_C37958140_1_gene970674	610	1719
122_DCM_0d45-0d8_C19416648_1_gene749370	636	1917
124_SUR_0d2-3_scaffold374352_1_gene316826	753	1530
125_DCM_0d2-0d45_scaffold296071_1_gene285960	681	3519
67_SUR_0d2-0d45_scaffold107386_1_gene104392	60	858
30_SUR_0d2-1d6_scaffold223467_1_gene251708	1078	3918
7_SUR_0d2-1d6_scaffold79565_1_gene70629	1117	3930
30_SUR_0d2-1d6_C15032112_1_gene733901	321	1461
32_SUR_0d2-1d6_scaffold280292_2_gene285282	291	1137
111_SUR_0d2-3_scaffold154867_3_gene123567	1031	5127
124_SUR_0d2-3_scaffold466931_1_gene451443	175	873
133_SUR_0d2-3_C26823905_1_gene1013178	106	1833
140_SUR_0d2-3_C21241883_1_gene586024	206	1446
64_SUR_0d2-3_C52712466_1_gene674514	254	1029
102_DCM_0d2-3_C27201185_1_gene859141	237	1218
34_DCM_0d2-1d6_C17291165_1_gene857052	143	858
140_SUR_0d2-3_scaffold291823_1_gene313071	506	3033
67_SUR_0d2-0d45_C17312992_1_gene438956	461	933
68_SUR_0d2-0d45_scaffold254132_1_gene195705	194	870
125_SUR_0d2-3_C18581148_1_gene569822	221	909
102_DCM_0d2-3_scaffold320126_1_gene312592	242	3357
124_SUR_0d2-3_C37862634_1_gene925569	792	1419
70_SUR_0d45-0d8_C18650848_1_gene480339	70	735
133_DCM_0d2-3_scaffold231029_1_gene225770	478	1767
138_DCM_0d2-3_scaffold116339_1_gene88103	959	2355
124_DCM_0d2-3_scaffold287336_1_gene317766	1267	3768
124_SUR_0d2-0d45_scaffold243243_1_gene234450	561	1140
68_SUR_0d2-0d45_C18248549_1_gene556425	388	2268
99_SUR_0d2-3_C20245946_1_gene416634	57	738
66_DCM_0-0d2_C3748468_1_gene143387	130	1809
96_SUR_0d2-3_C19206698_1_gene330023	59	558
67_SUR_0d2-3_scaffold83255_1_gene92810	1965	1518
102_SUR_0d2-3_C20561112_1_gene708946	88	672
133_SUR_0d2-3_C26774205_1_gene991570	149	1527
70_SUR_0d45-0d8_scaffold201559_1_gene173693	218	723
125_SUR_0d1-0d2_scaffold100885_1_gene183512	1314	3933
67_SUR_0d2-0d45_scaffold22767_1_gene19466	1519	4065
78_DCM_0d2-0d45_scaffold39824_1_gene27656	2435	3612
52_DCM_0d2-1d6_C23972490_1_gene630878	1024	3918
133_SUR_0d2-3_C26780405_1_gene994337	345	1680
122_SUR_0d2-3_scaffold181226_1_gene174999	388	1269
68_SUR_0d45-0d8_scaffold228020_1_gene238790	655	2073
30_SUR_0d2-1d6_scaffold244029_1_gene279308	478	1746
99_SUR_0d2-3_scaffold340326_1_gene309220	191	1284
67_SUR_0d2-0d45_scaffold197996_1_gene233656	84	921
67_SUR_0d2-0d45_scaffold194301_1_gene224126	452	2838
66_SUR_0d2-3_scaffold40517_1_gene30092	267	2199
93_SUR_0d2-3_C16755384_1_gene552813	269	1221
76_SUR_0d45-0d8_scaffold184307_1_gene155263	235	1233
76_DCM_0d2-0d45_scaffold272436_1_gene231614	148	1218
133_SUR_0d2-3_scaffold404741_1_gene392885	117	978
102_DCM_0d2-3_C27267393_1_gene894352	271	1260
93_DCM_0d2-3_scaffold236164_1_gene285199	473	2856
65_DCM_0d1-0d2_C11153128_1_gene342414	371	2121
7_DCM_0d2-1d6_scaffold164849_1_gene196743	270	3957
67_SUR_0d2-0d45_scaffold202836_1_gene249397	532	1464
125_SUR_0d2-0d45_scaffold465319_1_gene637285	234	1398
133_SUR_0d2-3_C26647530_1_gene935981	59	675
64_SUR_0d2-3_C52619341_1_gene630560	111	852
124_SUR_0d2-0d45_scaffold247229_1_gene242862	1134	4044
25_DCM_0d2-1d6_C17190904_1_gene684814	48	546
78_MES_0d2-3_C20099145_1_gene375894	264	963
122_DCM_0d1-0d2_C5142684_1_gene303787	189	888
9_SUR_0d2-1d6_scaffold86199_1_gene108475	138	1038
67_SUR_0d2-0d45_scaffold60022_1_gene56113	706	3564
122_DCM_0d2-0d45_scaffold96549_1_gene121585	427	1410
125_DCM_0d2-0d45_scaffold333105_1_gene373777	1068	3855
111_SUR_0d2-3_C23109104_1_gene640488	146	1446
67_SUR_0d2-0d45_scaffold158251_1_gene159619	213	1479
132_DCM_0d2-3_scaffold322034_1_gene285207	299	1506
67_SUR_0d2-0d45_scaffold47483_3_gene42621	949	3693
25_SUR_0d2-1d6_C16990057_1_gene740337	120	1407
133_DCM_0d2-3_scaffold319011_1_gene363274	157	1338
102_SUR_0d2-3_scaffold129660_1_gene109658	895	3747
140_SUR_0d2-3_C20773357_1_gene358642	15	534
125_DCM_0d1-0d2_C4294948_1_gene330164	154	1710
112_SUR_0d2-3_C28447008_1_gene522903	61	1179
67_SUR_0d2-0d45_scaffold180428_1_gene195227	206	1470
102_SUR_0d2-3_C20580446_1_gene717295	156	2073
67_SUR_0d45-0d8_scaffold106583_1_gene110571	2466	3309
70_SUR_0d45-0d8_scaffold285258_1_gene307431	725	3765
137_SUR_0d2-3_C22375007_1_gene386039	40	630
124_DCM_0d2-0d45_C15712421_1_gene476658	126	666
123_DCM_0d2-3_scaffold354339_1_gene464035	552	3774
125_SUR_0d2-0d45_scaffold454814_1_gene602280	106	933
70_SUR_0d2-0d45_scaffold343566_1_gene289296	2745	4044
7_SUR_0d2-1d6_scaffold225978_1_gene249168	557	3699
36_DCM_0d2-1d6_C21033082_1_gene569422	807	3723
67_SUR_0d2-0d45_scaffold109150_1_gene106231	1220	3600
67_SUR_0d2-0d45_scaffold165769_1_gene170066	157	1233
102_SUR_0d2-3_C20537400_1_gene698953	235	1464
124_SUR_0d2-3_scaffold496751_1_gene527949	577	2634
145_SUR_0d2-3_C14200457_1_gene603574	152	1068
102_DCM_0d2-3_scaffold375991_1_gene406565	192	1035
133_SUR_0d2-3_C26669735_1_gene945664	103	1116
42_SUR_0d2-1d6_scaffold265335_1_gene236256	286	1887
67_SUR_0d2-0d45_scaffold173290_1_gene182364	746	2418
67_SUR_0d2-0d45_scaffold135503_1_gene133028	549	3399
67_SUR_0d2-0d45_scaffold164556_1_gene168327	1194	5010
122_DCM_0d2-0d45_scaffold46098_1_gene57966	518	1362
123_SUR_0d2-0d45_scaffold159410_1_gene160792	625	3174
4_SUR_0d2-1d6_scaffold383154_1_gene403619	148	1233
133_SUR_0d2-3_scaffold485415_1_gene519739	119	978
137_SUR_0d2-3_C22612372_1_gene495786	103	1218
93_DCM_0d2-3_C17834999_1_gene587426	663	5016
132_DCM_0d2-3_C19774080_1_gene778696	41	1296
68_DCM_0d2-0d45_scaffold217427_1_gene182577	1604	3783
124_SUR_0d2-3_C37317660_1_gene679438	99	597
30_DCM_0d2-1d6_C14061155_1_gene736189	145	855
123_SUR_0d2-3_C12376576_1_gene509430	180	1005
36_SUR_0d2-1d6_scaffold80904_1_gene69687	862	2070
122_DCM_0d2-0d45_C14139725_1_gene806390	328	1494
67_SUR_0d2-0d45_scaffold80739_1_gene77353	416	2112
30_SUR_0d2-1d6_scaffold85293_1_gene94726	1137	4365
152_SUR_0d2-3_scaffold272282_1_gene250742	168	1341
102_DCM_0d2-3_scaffold55673_1_gene62454	218	1119
133_SUR_0d2-3_scaffold68651_1_gene58823	978	3822
65_DCM_0d2-3_C21540556_1_gene231380	64	657
102_DCM_0d2-3_scaffold106347_1_gene108225	873	2358
133_SUR_0d2-3_scaffold143201_1_gene135691	271	1320
109_SUR_0d2-3_scaffold291069_1_gene277908	291	2043
78_SUR_0d45-0d8_C21946055_1_gene337497	58	639
25_DCM_0d2-1d6_scaffold358340_1_gene424478	348	3078
67_SUR_0d2-0d45_C17260136_1_gene412578	36	804
65_SUR_0d2-3_scaffold58120_1_gene41766	545	3960
7_SUR_0d2-1d6_C8815949_1_gene338825	90	1203
30_SUR_0d2-1d6_scaffold217027_1_gene243750	2020	3699
67_SUR_0d2-0d45_scaffold193543_1_gene222421	889	1656
67_SUR_0d2-0d45_scaffold387_1_gene362	182	765
34_DCM_0d2-1d6_scaffold21031_1_gene21335	1016	3837
34_SUR_0d2-1d6_scaffold83689_1_gene74996	1249	3645
102_SUR_0d2-3_scaffold405539_1_gene415280	101	879
9_SUR_0d2-1d6_scaffold106589_1_gene134181	18	621
102_DCM_0d2-3_scaffold243071_1_gene230145	941	3825
67_SUR_0d2-0d45_scaffold29265_1_gene24935	3219	4728
125_DCM_0d2-3_C15253237_1_gene1003612	368	1794
67_SUR_0d2-0d45_C17440022_1_gene507998	300	1515
137_SUR_0d2-3_C22672992_1_gene526202	816	2586
67_SUR_0d2-0d45_scaffold197599_1_gene232512	4153	3906
30_SUR_0d2-1d6_scaffold177808_1_gene197677	135	951
122_DCM_0d2-0d45_C14142499_1_gene807967	298	1032
30_SUR_0d2-1d6_C15041276_1_gene739826	391	2937
66_SUR_0d2-3_C16005647_1_gene450831	1144	4380
102_DCM_0d2-3_scaffold325384_1_gene319995	586	3867
67_SUR_0d2-0d45_scaffold76961_1_gene73739	1313	3924
76_SUR_0d2-0d45_scaffold291060_1_gene281310	706	3027
109_DCM_0d2-3_C16156945_1_gene345773	53	576
76_DCM_0d2-0d45_C16712620_1_gene479998	120	852
76_SUR_0d2-0d45_scaffold68331_1_gene45594	1635	3909
122_DCM_0d2-3_C14765773_1_gene724280	192	876
123_DCM_0d2-3_C16741337_1_gene946757	530	1692
128_SUR_0d2-3_scaffold38713_2_gene29321	2546	4707
142_SUR_0d2-3_scaffold37972_1_gene31686	2988	3816
133_SUR_0d2-3_scaffold394232_1_gene380941	686	4011
137_DCM_0d2-3_C14241900_1_gene605438	142	1230
102_DCM_0d2-3_scaffold233694_1_gene221561	64	813
67_SUR_0d2-0d45_scaffold148968_1_gene148181	88	876
152_DCM_0d2-3_C18888605_1_gene347717	31	504
122_DCM_0d2-0d45_scaffold170367_1_gene208194	244	1296
76_SUR_0d2-0d45_scaffold230004_1_gene175159	204	921
9_DCM_0d2-1d6_scaffold439983_1_gene493494	245	2007
76_SUR_0d2-0d45_C26104308_1_gene586225	345	2217
4_DCM_0d2-1d6_C22935340_1_gene669612	284	969
122_SUR_0d2-0d45_C14556262_1_gene347116	1994	3735
67_SUR_0d2-0d45_scaffold2831_1_gene2757	641	3615
111_SUR_0d2-3_C22840485_1_gene492648	67	723
122_MES_0d2-3_C18175159_1_gene488841	172	1383
124_SUR_0d2-3_scaffold479387_1_gene477739	515	1575
133_DCM_0d2-3_C17775804_1_gene597312	49	690
94_SUR_0d2-3_C22841257_1_gene947186	151	2325
67_SUR_0d2-0d45_C17418652_1_gene495303	79	1305
65_DCM_0d1-0d2_C11117984_1_gene321509	250	1191
123_SUR_0d2-0d45_scaffold22197_2_gene13548	1703	2592
102_SUR_0d2-3_scaffold380097_2_gene365545	212	1683
152_DCM_0d2-3_scaffold315573_1_gene327422	516	1872
125_DCM_0d45-0d8_C26885491_1_gene519858	34	555
125_DCM_0d2-0d45_scaffold110358_1_gene93932	719	3759
68_SUR_0d2-3_scaffold200317_1_gene184421	725	1701
109_SUR_0d2-3_C22005258_1_gene473349	439	2127
82_DCM_0d2-3_C19596247_1_gene463628	49	831
67_SUR_0d2-0d45_scaffold194855_1_gene225433	69	1122
109_SUR_0d2-3_scaffold275270_1_gene241437	69	1311
38_SUR_0d2-1d6_C14171154_1_gene329891	249	1056
100_SUR_0d2-3_C22538512_1_gene631040	262	1038
67_SUR_0d45-0d8_scaffold230368_1_gene242010	1235	1365
109_SUR_0d2-3_scaffold272355_1_gene236236	34	804
124_SUR_0d2-3_scaffold295590_1_gene245095	266	1548
70_SUR_0d2-0d45_C23909557_1_gene649235	116	1092
67_SUR_0d2-0d45_C17466146_1_gene525754	135	1284
94_SUR_0d2-3_scaffold497503_1_gene601799	469	3936
122_DCM_0d2-0d45_C14167559_1_gene822221	197	960
31_SUR_0d2-1d6_C28711937_1_gene471690	175	1203
102_DCM_0d2-3_scaffold399878_1_gene473285	494	3864
125_DCM_0d2-3_scaffold446335_1_gene600451	340	2313
25_SUR_0d2-1d6_C16908871_1_gene701618	195	1206
65_DCM_0d2-3_C21721299_1_gene339332	263	1422
125_DCM_0d2-0d45_C21628878_1_gene591722	100	846
125_DCM_0d2-0d45_C21635078_1_gene594860	79	855
109_SUR_0d2-3_scaffold249342_1_gene200332	634	3732
124_SUR_0d2-3_scaffold409398_1_gene356933	108	792
123_SUR_0d2-0d45_C20991554_1_gene378895	138	681
123_DCM_0d2-3_C16709851_1_gene928448	441	1260
76_SUR_0d45-0d8_scaffold198412_1_gene186476	442	2538
151_SUR_0d2-3_scaffold286838_1_gene250035	122	672
48_SUR_0d2-1d6_C42945126_1_gene438293	89	951
9_SUR_0d2-1d6_scaffold279699_1_gene372887	145	1089
64_DCM_0d2-3_scaffold189169_1_gene132535	500	1113
132_DCM_0d2-3_C19151351_1_gene508171	44	540
133_SUR_0d2-3_C26242067_1_gene764819	12	624
125_DCM_0d2-0d45_scaffold333321_1_gene375703	537	3798
102_DCM_0d2-3_scaffold365948_1_gene387318	350	2646
58_DCM_0d2-3_C20776673_1_gene444529	77	1230
102_SUR_0d2-3_scaffold374829_1_gene356373	651	3903
102_DCM_0d2-3_scaffold368742_1_gene392325	374	2625
100_SUR_0d2-3_scaffold324715_1_gene310448	204	1479
133_DCM_0d2-3_C17622824_1_gene526728	38	594
102_DCM_0d2-3_scaffold400037_1_gene474877	307	3762
85_DCM_0d2-3_C22792172_1_gene437502	138	1341
67_SUR_0d2-0d45_scaffold159241_1_gene160988	1434	3750
85_DCM_0d2-3_scaffold155757_2_gene116857	75	990
150_DCM_0d2-3_C18559235_1_gene616959	200	906
72_SUR_0d2-3_scaffold95981_2_gene72159	702	3756
152_SUR_0d2-3_scaffold311994_1_gene331163	302	2856
96_SUR_0d2-3_scaffold260188_1_gene210695	116	1338
94_SUR_0d2-3_C22848365_1_gene949985	354	2922
36_SUR_0d2-1d6_scaffold143277_1_gene125083	103	951
38_DCM_0d2-1d6_C23469527_1_gene466848	161	675
48_SUR_0d2-1d6_scaffold293664_3_gene272515	557	3573
122_SUR_0d2-0d45_C14508534_1_gene284032	146	1305
78_DCM_0d2-0d45_scaffold399115_1_gene367841	886	3645
76_SUR_0d2-0d45_C25963375_1_gene502701	117	924
9_SUR_0d2-1d6_scaffold284891_1_gene389132	1808	3978
72_DCM_0d2-3_scaffold325383_2_gene332142	129	1137
133_SUR_0d2-3_scaffold510424_1_gene576299	140	1008
4_SUR_0d2-1d6_scaffold360867_1_gene346479	112	1377
122_DCM_0d2-0d45_C14241893_1_gene865461	594	4239
110_SUR_0d2-3_C18535522_1_gene322626	82	573
133_SUR_0d2-3_scaffold519108_1_gene606498	588	3645
67_SUR_0d2-3_scaffold117684_1_gene143163	203	1440
133_SUR_0d2-3_C26606016_1_gene918054	49	966
133_SUR_0d2-3_C26799223_1_gene1002576	464	1560
99_SUR_0d2-3_scaffold29223_1_gene18490	681	3348
70_SUR_0d2-0d45_scaffold301531_1_gene235365	207	909
78_DCM_0d2-0d45_scaffold142184_2_gene108860	2847	3615
67_SUR_0d2-3_scaffold125353_1_gene161669	751	3243
122_SUR_0d2-0d45_scaffold46192_1_gene28965	3025	3738
123_SUR_0d45-0d8_C15715309_1_gene555255	121	702
102_DCM_0d2-3_C26961613_1_gene740796	75	765
67_SUR_0d2-0d45_C17135289_1_gene352213	50	630
122_SUR_0d45-0d8_C23329631_1_gene262286	50	489
78_DCM_0d2-0d45_C22546309_1_gene651996	571	1137
76_DCM_0d2-0d45_C16806846_1_gene522391	207	942
41_SUR_0d2-1d6_C31724089_1_gene487491	147	1629
36_SUR_0d2-1d6_scaffold194100_1_gene198052	318	1656
36_SUR_0d2-1d6_scaffold60194_1_gene51618	935	4965
82_DCM_0d2-3_C19533749_1_gene437751	23	708
102_SUR_0d2-3_C20586390_1_gene719761	302	1830
34_SUR_0d2-1d6_scaffold203179_1_gene213367	1400	3753
133_SUR_0d2-3_scaffold505315_1_gene562474	457	3786
124_SUR_0d2-3_C37976482_1_gene979659	1347	3822
125_DCM_0d45-0d8_C27027657_1_gene577613	196	984
102_DCM_0d2-3_C26686565_1_gene610379	29	543
67_SUR_0d2-0d45_scaffold42673_1_gene37350	582	3324
133_SUR_0d2-3_C26766561_1_gene988152	111	1425
78_SUR_0d2-3_scaffold311810_1_gene188503	783	4128
112_SUR_0d2-3_C28446530_1_gene522660	77	954
85_SUR_0d2-3_C16197045_1_gene301689	2693	3942
133_DCM_0d2-3_C18184582_1_gene802954	409	3768
93_SUR_0d2-3_scaffold167131_4_gene156092	1463	3900
30_DCM_0d2-1d6_scaffold116380_1_gene122880	725	3483
9_SUR_0d2-1d6_C13446394_1_gene470090	27	576
100_SUR_0d2-3_scaffold148390_1_gene129423	238	1083
100_SUR_0d2-3_C22629265_1_gene674027	683	3900
65_SUR_0d2-3_C11683963_1_gene320311	802	2103
68_DCM_0d2-0d45_scaffold256376_1_gene222762	1622	4953
122_DCM_0d2-0d45_scaffold102305_1_gene128499	282	1338
145_SUR_0d2-3_C14333953_1_gene655174	330	2685
93_DCM_0d2-3_C17836395_1_gene588460	448	3753
98_SUR_0d2-3_scaffold46159_2_gene30097	938	3939
112_DCM_0d2-3_C20160949_1_gene493156	127	726
67_SUR_0d2-0d45_C17465580_1_gene525220	546	3549
37_OMZ_0d1-0d2_scaffold310021_1_gene354735	97	1770
125_DCM_0d2-0d45_C21725575_1_gene641206	224	1098
102_DCM_0d2-3_C27291451_1_gene907366	235	1242
102_SUR_0d2-3_scaffold380114_1_gene365568	112	813
4_DCM_0d2-1d6_C23008090_1_gene702205	317	1494
67_SUR_0d2-0d45_C17066810_1_gene319995	42	570
67_SUR_0d2-0d45_scaffold396_2_gene378	1031	3777
122_DCM_0d2-3_C14803406_1_gene741685	127	561
67_SUR_0d2-0d45_scaffold177636_2_gene190099	882	3825
68_SUR_0d2-0d45_scaffold68113_1_gene49255	814	2274
102_DCM_0d2-3_C27244515_1_gene881858	234	1278
138_SUR_0d2-3_C24546327_1_gene471044	159	1557
52_DCM_0d2-1d6_C23624272_1_gene470980	24	621
78_SUR_0d2-0d45_C21143347_1_gene432464	85	837
142_SUR_0d2-3_C16675995_1_gene607141	583	1326
137_SUR_0d2-3_C22631864_1_gene505579	564	1404
67_SUR_0d2-0d45_scaffold205122_1_gene263539	1215	3612
78_SUR_0d45-0d8_C21888120_1_gene312520	112	906
152_SUR_0d2-3_C15991267_1_gene549112	196	1704
68_SUR_0d2-0d45_scaffold166025_1_gene125580	1131	2625
102_DCM_0d2-3_C27246837_1_gene883059	181	1506
94_SUR_0d2-3_scaffold416153_1_gene434044	285	2232
133_DCM_0d2-3_scaffold137771_1_gene133425	2022	1356
140_SUR_0d2-3_scaffold72353_1_gene62432	98	870
30_SUR_0d2-1d6_C14910925_1_gene680463	62	876
36_SUR_0d2-1d6_scaffold176236_1_gene165424	29	498
133_SUR_0d2-3_scaffold517936_2_gene601045	127	1143
67_SUR_0d2-0d45_C17457580_1_gene519230	501	2520
67_SUR_0d2-0d45_C17441448_1_gene508818	416	2232
109_DCM_0d2-3_scaffold260824_1_gene230648	53	786
67_SUR_0d45-0d8_scaffold291578_1_gene370426	1560	3855
78_DCM_0d2-3_C15756720_1_gene407846	78	762
122_DCM_0d2-0d45_C14241023_1_gene864905	1041	3759
41_SUR_0d2-1d6_C31654477_1_gene454627	184	972
125_SUR_0d2-0d45_scaffold460202_1_gene619024	630	4014
30_DCM_0d2-1d6_C14223155_1_gene805343	185	1458
133_DCM_0d2-3_C18064265_1_gene736639	106	984
149_SUR_0d2-3_scaffold242226_2_gene250197	542	3786
133_SUR_0d2-3_C26629704_1_gene928308	97	1014
76_SUR_0d2-0d45_C25766187_1_gene402407	130	627
84_SUR_0d2-3_scaffold225858_1_gene165006	1051	3840
146_SUR_0d2-3_C15657843_1_gene574134	104	894
78_SUR_0d2-0d45_scaffold211977_1_gene145806	236	1209
4_SUR_0d2-1d6_scaffold379955_1_gene390351	187	1404
67_SUR_0d2-0d45_scaffold203788_1_gene253474	585	3759
76_DCM_0d2-0d45_scaffold314552_1_gene313788	370	1116
123_SUR_0d45-0d8_scaffold239541_1_gene315377	2888	3762
30_DCM_0d2-1d6_scaffold177658_1_gene186360	1215	3837
100_SUR_0d2-3_C22473722_1_gene601394	68	966
64_SUR_0d2-3_C52342060_1_gene501535	20	591
93_SUR_0d2-3_C16655428_1_gene498220	83	1014
67_SUR_0d2-0d45_scaffold38694_1_gene33053	172	1320
102_SUR_0d2-3_C20565116_1_gene710711	222	1770
93_SUR_0d2-3_scaffold170016_1_gene159207	45	927
58_DCM_0d2-3_C20682805_1_gene403835	73	828
102_DCM_0d2-3_C27081395_1_gene799079	151	882
152_DCM_0d2-3_scaffold296318_1_gene285147	325	1260
122_DCM_0d2-3_scaffold331289_1_gene462875	1373	3756
41_SUR_0d2-1d6_C31667293_1_gene460466	170	1089
67_SUR_0d2-0d45_scaffold184407_1_gene202821	685	3747
124_SUR_0d2-3_C37641952_1_gene823795	210	831
52_DCM_0d2-1d6_C23957418_1_gene623571	489	2013
152_SUR_0d2-3_scaffold113487_1_gene98375	54	570
137_DCM_0d2-3_C14044111_1_gene513990	52	891
72_SUR_0d2-3_scaffold270098_1_gene268600	197	1965
140_SUR_0d2-3_C20900364_1_gene417814	27	609
36_SUR_0d2-1d6_C13252385_1_gene377865	84	723
67_SUR_0d2-0d45_scaffold67400_1_gene63688	806	3765
30_SUR_0d2-1d6_C14743718_1_gene614743	79	831
36_SUR_0d2-1d6_scaffold199834_1_gene213295	581	2064
9_SUR_0d2-1d6_C13893028_1_gene651660	297	2952
32_SUR_0d2-1d6_scaffold30260_1_gene20320	1686	4176
67_SUR_0d2-0d45_scaffold97401_2_gene94149	424	2154
78_SUR_0d2-0d45_C21074695_1_gene400346	135	705
9_SUR_0d2-1d6_C13737958_1_gene587217	114	1011
30_SUR_0d2-1d6_scaffold171866_1_gene191012	330	1824
64_SUR_0d2-3_C52229162_1_gene449759	48	543
70_SUR_0d2-0d45_C23837291_1_gene614404	119	909
138_DCM_0d2-3_scaffold140297_2_gene106664	3010	3612
125_DCM_0d1-0d2_scaffold63167_1_gene116839	1825	3858
76_DCM_0d2-0d45_scaffold314190_1_gene312219	770	2799
122_DCM_0d2-0d45_C13651830_1_gene563948	80	564
149_SUR_0d2-3_C18381398_1_gene597447	123	1896
68_DCM_0d2-0d45_C15205450_1_gene375207	109	606
102_SUR_0d2-3_scaffold413459_1_gene437507	681	1542
133_DCM_0d2-3_scaffold331854_1_gene401628	130	1089
78_SUR_0d45-0d8_scaffold168593_1_gene130358	483	1689
109_SUR_0d2-3_C21964712_1_gene454994	302	1404
133_DCM_0d2-3_scaffold169617_1_gene164057	82	630
123_DCM_0d2-3_C16497193_1_gene815173	170	666
85_DCM_0d2-3_C22799361_1_gene441005	424	3036
76_DCM_0d2-0d45_scaffold277258_1_gene239280	216	1266
133_DCM_0d2-3_C17676103_1_gene551136	111	621
9_SUR_0d2-1d6_C13527395_1_gene502162	82	642
9_SUR_0d2-1d6_C13470344_1_gene479509	22	594
110_SUR_0d2-3_scaffold152203_1_gene123793	48	579
67_SUR_0d2-0d45_scaffold125559_1_gene122927	882	4653
67_SUR_0d45-0d8_scaffold11983_1_gene12355	184	915
70_SUR_0d2-0d45_scaffold385827_1_gene372806	785	3342
30_DCM_0d2-1d6_C13626820_1_gene562347	29	534
85_DCM_0d2-3_scaffold243416_1_gene207306	1464	5250
137_MES_0d2-3_scaffold206440_2_gene225226	161	1254
76_SUR_0d2-0d45_scaffold291358_1_gene282484	553	3573
122_SUR_0d2-0d45_C14549730_1_gene331806	628	2907
123_SUR_0d2-0d45_C21090031_1_gene443422	262	951
133_DCM_0d2-3_C17913174_1_gene662216	285	834
122_SUR_0d2-3_C15641349_1_gene308634	112	690
125_DCM_0d2-0d45_C21748981_1_gene653637	116	882
39_DCM_0d2-1d6_scaffold283074_1_gene312912	178	1398
125_DCM_0d2-0d45_C21703704_1_gene629621	155	981
137_SUR_0d2-3_C22661638_1_gene520676	139	1857
142_MES_0d2-3_C16078768_1_gene376279	144	1026
42_SUR_0d2-1d6_C25637376_1_gene387233	52	873
72_SUR_0d2-3_scaffold265833_1_gene256086	225	2394
70_SUR_0d2-0d45_scaffold264539_1_gene201863	456	1791
84_SUR_0d2-3_C21126983_1_gene457762	513	3723
123_SUR_0d45-0d8_scaffold21805_2_gene19936	600	2379
52_DCM_0d2-1d6_scaffold95826_2_gene66510	1484	3855
67_SUR_0d2-0d45_scaffold205010_2_gene261934	774	3882
102_DCM_0d2-3_scaffold398264_1_gene464449	219	1923
67_SUR_0d2-0d45_scaffold203931_1_gene254159	444	3381
152_SUR_0d2-3_scaffold76977_1_gene65694	90	624
34_DCM_0d2-1d6_scaffold490393_1_gene549377	326	1455
67_SUR_0d2-0d45_scaffold71076_1_gene67786	6299	4812
100_SUR_0d2-3_scaffold360371_1_gene391012	1147	3993
85_DCM_0d2-3_scaffold189659_1_gene144415	661	4917
125_DCM_0d45-0d8_C26749862_1_gene465312	69	594
98_DCM_0d2-3_scaffold38934_1_gene30076	191	1482
82_DCM_0d2-3_scaffold55589_1_gene51098	652	3720
109_DCM_0d2-3_scaffold289349_1_gene285783	158	1302
93_DCM_0d2-3_C17639132_1_gene478411	72	849
7_DCM_0d2-1d6_C7334163_1_gene344303	190	3819
67_SUR_0d2-0d45_C17075064_1_gene323898	63	519
111_MES_0d2-3_C20002857_1_gene381255	192	822
125_DCM_0d2-3_scaffold328972_1_gene370379	75	981
137_SUR_0d2-3_scaffold253183_1_gene235673	741	3954
125_DCM_0d2-3_C15321572_1_gene1028108	1522	3513
93_DCM_0d2-3_scaffold159501_1_gene159076	719	3609
102_DCM_0d2-3_scaffold382644_1_gene420558	306	3087
145_SUR_0d2-3_scaffold321394_1_gene367963	137	1110
36_DCM_0d2-1d6_scaffold244062_1_gene212572	3088	4176
133_DCM_0d2-3_C18184632_1_gene802979	482	3369
52_DCM_0d2-1d6_C23908724_1_gene600221	53	861
100_DCM_0d2-3_scaffold393713_1_gene404974	372	1152
76_SUR_0d2-0d45_scaffold280859_1_gene254727	971	3699
133_DCM_0d2-3_scaffold332413_1_gene404334	357	2469
96_SUR_0d2-3_scaffold240351_1_gene187224	282	1986
67_SUR_0d2-0d45_scaffold77479_1_gene74234	86	837
102_DCM_0d2-3_scaffold215535_1_gene204990	470	2334
78_SUR_0d2-0d45_C21274321_1_gene498977	1526	3813
137_SUR_0d2-3_scaffold274214_1_gene279096	141	1407
85_SUR_0d2-3_scaffold143071_1_gene112591	98	915
30_SUR_0d2-1d6_C14716423_1_gene604164	90	789
133_SUR_0d2-3_scaffold505749_1_gene563573	229	1425
122_MES_0d45-0d8_C10256913_1_gene268304	71	903
9_SUR_0d2-1d6_scaffold287996_1_gene402742	250	1701
30_DCM_0d2-1d6_C14313941_1_gene847009	673	4800
124_SUR_0d2-3_C37285216_1_gene665144	97	537
122_DCM_0d2-0d45_C14126437_1_gene799189	139	864
7_SUR_0d2-1d6_scaffold221808_1_gene234292	116	1284
111_SUR_0d2-3_C22973752_1_gene562084	203	948
30_SUR_0d2-1d6_scaffold301929_1_gene389487	716	3753
124_SUR_0d2-3_scaffold287350_1_gene237834	1184	3876
102_DCM_0d2-3_C26946278_1_gene733545	95	750
78_DCM_0d2-0d45_scaffold344103_1_gene281794	402	1929
133_SUR_0d2-3_scaffold162366_1_gene154784	45	657
70_SUR_0d2-0d45_scaffold343793_1_gene289672	178	825
94_SUR_0d2-3_C22697145_1_gene890200	45	1038
133_DCM_0d2-3_C17833849_1_gene624563	76	741
70_SUR_0d2-0d45_C23987313_1_gene689723	2532	3519
151_SUR_0d2-3_C20591752_1_gene648175	200	1257
32_DCM_0d2-1d6_scaffold74271_2_gene66540	1668	3798
9_SUR_0d2-1d6_C13565929_1_gene517515	28	684
123_SUR_0d2-0d45_scaffold102256_1_gene71113	1300	3741
150_SUR_0d2-3_scaffold270411_1_gene261599	290	819
146_SUR_0d2-3_scaffold266702_1_gene247887	525	2004
68_SUR_0d2-0d45_C18254891_1_gene558573	373	1233
102_DCM_0d2-3_scaffold187807_1_gene179809	278	1257
67_SUR_0d2-0d45_C17466712_1_gene526312	628	3912
67_SUR_0d2-0d45_scaffold205028_1_gene262151	1828	3756
109_DCM_0d2-3_scaffold291727_1_gene296231	701	4020
38_SUR_0d2-1d6_scaffold184909_1_gene186841	437	2556
125_DCM_0d2-3_C15257817_1_gene1005385	252	1797
123_DCM_0d2-3_C16752672_1_gene953507	486	2163
133_SUR_0d2-3_scaffold519746_1_gene610221	635	3957
96_SUR_0d2-3_C19257408_1_gene350611	23	606
78_SUR_0d2-0d45_C21088685_1_gene406841	90	726
122_SUR_0d2-3_C15623543_1_gene299331	78	663
152_DCM_0d2-3_C19515056_1_gene646887	1331	3972
125_SUR_0d2-3_C18174657_1_gene382907	87	531
125_DCM_0d2-0d45_scaffold332400_1_gene369572	1518	4014
62_SUR_0d2-3_scaffold244233_1_gene243289	1303	3645
36_DCM_0d2-1d6_scaffold298163_1_gene291615	281	1434
133_DCM_0d2-3_C18182776_1_gene801908	252	1533
112_DCM_0d2-3_C20142851_1_gene484742	24	708
25_SUR_0d2-1d6_C16909751_1_gene702017	130	858
132_DCM_0d2-3_scaffold14026_2_gene12305	726	3645
82_DCM_0d2-3_scaffold170762_2_gene159843	939	3270
67_SUR_0d45-0d8_scaffold258635_1_gene286776	554	1410
133_DCM_0d2-3_scaffold328831_1_gene390164	1175	3837
58_DCM_0d2-3_scaffold259401_1_gene255176	451	1143
133_SUR_0d2-3_scaffold511774_1_gene580411	2279	3009
67_SUR_0d45-0d8_C12868345_1_gene540345	87	825
78_SUR_0d2-0d45_C21273171_1_gene498189	614	3966
67_SUR_0d2-0d45_C16999386_1_gene288763	19	510
124_SUR_0d2-0d45_scaffold255363_1_gene267958	1279	3822
124_SUR_0d2-3_C37561985_1_gene787777	137	747
68_DCM_0d2-0d45_scaffold300396_1_gene298786	2963	3615
123_SUR_0d2-0d45_scaffold157450_1_gene152583	313	1608
133_SUR_0d2-3_scaffold519979_1_gene611825	986	3720
94_SUR_0d2-3_scaffold443379_1_gene479442	119	1638
122_MES_0d2-0d45_scaffold53800_1_gene45239	154	978
58_DCM_0d2-3_C20490674_1_gene323706	39	576
66_SUR_0d2-3_scaffold272236_1_gene272727	388	3411
58_DCM_0d2-3_C20634238_1_gene383547	49	747
78_SUR_0d2-3_scaffold22249_1_gene11347	219	1599
72_SUR_0d2-3_scaffold185760_1_gene144114	998	3939
78_DCM_0d2-0d45_scaffold260616_1_gene205152	1700	3813
102_DCM_0d2-3_scaffold399676_1_gene471758	1349	5763
76_SUR_0d2-0d45_scaffold30830_1_gene19697	884	3828
94_SUR_0d2-3_scaffold501074_1_gene620262	187	2412
133_DCM_0d2-3_C18093281_1_gene751613	85	888
149_SUR_0d2-3_C18404938_1_gene611448	365	2322
123_SUR_0d2-0d45_scaffold159248_1_gene159920	2999	3831
100_DCM_0d2-3_scaffold174051_1_gene145280	2698	4707
78_SUR_0d2-0d45_scaffold131415_1_gene86673	870	3702
102_SUR_0d2-3_scaffold326238_1_gene286199	90	855
109_SUR_0d2-3_C21854131_1_gene407030	151	804
76_SUR_0d2-0d45_scaffold116751_1_gene81839	218	909
9_SUR_0d2-1d6_scaffold83710_2_gene105325	108	969
125_DCM_0d2-0d45_C21796167_1_gene679437	376	1095
133_SUR_0d2-3_scaffold5999_1_gene6040	81	1230
137_SUR_0d2-3_C22239967_1_gene325495	55	537
67_SUR_0d2-0d45_C17204504_1_gene385315	35	711
102_DCM_0d2-3_scaffold371074_1_gene396741	86	1179
125_DCM_0d2-3_C15319236_1_gene1027340	348	3063
138_DCM_0d2-3_scaffold269827_2_gene211051	3483	3591
76_SUR_0d2-0d45_scaffold224558_1_gene169447	1033	3561
132_SUR_0d2-3_scaffold215720_1_gene170539	30	522
133_SUR_0d2-3_scaffold484183_1_gene517382	496	3876
78_SUR_0d2-0d45_scaffold301430_1_gene272321	368	1542
7_SUR_0d2-1d6_C8868089_1_gene355495	533	2574
32_DCM_0d2-1d6_C14636791_1_gene408299	27	552
36_SUR_0d2-1d6_scaffold131158_1_gene113810	414	1557
122_DCM_0d2-0d45_scaffold287371_1_gene411854	352	1194
30_SUR_0d2-1d6_scaffold266111_1_gene315029	482	3768
78_SUR_0d2-3_scaffold90477_1_gene42463	402	1440
36_DCM_0d2-1d6_C20837293_1_gene481404	81	624
152_SUR_0d2-3_C15840177_1_gene484273	125	816
30_SUR_0d2-1d6_scaffold317887_1_gene436048	215	1878
67_SUR_0d2-0d45_C17177680_1_gene372380	58	675
36_DCM_0d2-1d6_C21036620_1_gene571339	915	3642
111_SUR_0d2-3_scaffold81464_2_gene64092	521	3810
48_SUR_0d2-1d6_scaffold291467_1_gene264845	292	1755
70_SUR_0d2-0d45_C23903227_1_gene646249	203	1185
109_DCM_0d2-3_scaffold227451_1_gene187200	172	963
72_MES_0d2-3_C11419510_1_gene257581	94	1065
152_SUR_0d2-3_scaffold256370_1_gene228400	24	534
76_DCM_0d2-0d45_scaffold314901_1_gene315862	2253	3858
70_SUR_0d2-0d45_scaffold389010_1_gene390191	462	2484
58_DCM_0d2-3_scaffold248996_1_gene234054	429	828
152_DCM_0d2-3_scaffold228004_1_gene194624	136	852
150_SUR_0d2-3_scaffold171140_1_gene134823	495	1629
125_SUR_0d1-0d2_scaffold17542_1_gene26341	665	1089
133_SUR_0d2-3_scaffold506374_1_gene565179	187	2340
67_SUR_0d2-0d45_scaffold86902_1_gene83543	582	3321
67_SUR_0d2-0d45_scaffold201501_1_gene244375	78	996
4_SUR_0d2-1d6_C22656379_1_gene653689	89	933
137_SUR_0d2-3_C22456951_1_gene423219	54	726
84_SUR_0d2-3_C21125699_1_gene456703	657	4536
102_SUR_0d2-3_scaffold156849_1_gene133333	1067	3645
150_SUR_0d2-3_C22112472_1_gene602302	1772	3615
109_SUR_0d2-3_C21989740_1_gene466230	94	1065
132_SUR_0d2-3_C27334120_1_gene432957	118	1206
93_SUR_0d2-3_C16763612_1_gene557383	471	2853
111_SUR_0d2-3_scaffold275932_1_gene260947	46	516
93_DCM_0d2-3_scaffold234653_2_gene277805	1443	4260
67_SUR_0d2-0d45_scaffold150750_1_gene150335	528	2154
30_SUR_0d2-1d6_C14948382_1_gene695649	120	1299
67_SUR_0d2-3_C7694635_1_gene423701	708	3882
4_DCM_0d2-1d6_C22999336_1_gene698219	671	1542
67_SUR_0d2-0d45_C17444372_1_gene510648	171	1407
122_DCM_0d2-3_C14929156_1_gene801037	270	1347
124_DCM_0d2-0d45_scaffold224019_1_gene241287	684	1875
99_SUR_0d2-3_C20277782_1_gene429810	70	804
67_SUR_0d2-0d45_C17446426_1_gene511900	144	1086
34_DCM_0d2-1d6_scaffold355590_1_gene348414	100	780
18_SUR_0d2-1d6_C21646783_1_gene648414	56	786
30_SUR_0d2-1d6_scaffold313427_1_gene420633	73	948
66_SUR_0d2-3_scaffold164839_1_gene132676	320	1104
78_SUR_0d2-3_scaffold340686_1_gene234053	3639	3717
94_SUR_0d2-3_scaffold466049_1_gene522788	61	801
9_SUR_0d2-1d6_C13895902_1_gene652780	162	1011
152_DCM_0d2-3_C19337228_1_gene555562	117	876
34_DCM_0d2-1d6_scaffold516477_1_gene630127	2146	4359
112_SUR_0d2-3_scaffold257835_1_gene207908	115	948
125_SUR_0d2-3_scaffold309207_1_gene335316	1899	2148
67_SUR_0d2-0d45_C17374700_1_gene471015	124	1098
82_DCM_0d2-3_scaffold91037_1_gene87451	208	1041
125_DCM_0d2-0d45_C21708864_1_gene632366	426	978
82_SUR_0d2-3_C11210458_1_gene345777	90	1128
133_DCM_0d2-3_C18181730_1_gene801302	712	2568
76_SUR_0d45-0d8_C24126908_1_gene335595	250	1233
111_SUR_0d2-3_C23128694_1_gene654326	348	2580
109_DCM_0d2-3_scaffold284830_1_gene274214	55	924
133_SUR_0d2-3_C26843387_1_gene1021633	260	3162
100_SUR_0d2-3_scaffold311113_1_gene287925	229	1758
76_DCM_0d2-0d45_scaffold239047_1_gene191015	1378	3708
150_DCM_0d2-3_scaffold320021_1_gene310044	467	1053
36_DCM_0d2-1d6_scaffold195255_1_gene166683	988	2757
70_SUR_0d45-0d8_C18852645_1_gene579001	106	1317
30_SUR_0d2-1d6_C14975515_1_gene707084	161	1812
68_SUR_0d2-0d45_C18250609_1_gene557148	335	2151
4_DCM_0d2-1d6_scaffold169537_1_gene133790	726	1341
125_SUR_0d2-0d45_C15742079_1_gene1020621	1753	3822
70_SUR_0d2-0d45_scaffold268897_1_gene205547	1239	3609
7_DCM_0d2-1d6_C7277021_1_gene319816	53	1104
140_SUR_0d2-3_scaffold242037_1_gene218229	115	1002
42_DCM_0d2-1d6_scaffold284595_1_gene293317	86	1074
94_SUR_0d2-3_C22378724_1_gene767588	99	675
76_DCM_0d2-3_C14253618_1_gene443826	559	2226
25_SUR_0d2-1d6_scaffold355247_1_gene427178	341	2481
30_SUR_0d2-1d6_scaffold214813_1_gene241137	576	2217
48_SUR_0d2-1d6_scaffold286071_1_gene251263	226	2172
111_SUR_0d2-3_scaffold294664_1_gene312892	490	3915
78_DCM_0d2-0d45_scaffold404594_1_gene378866	271	1623
125_DCM_0d2-3_C14494633_1_gene703814	21	552
132_SUR_0d2-3_C27382584_1_gene457842	94	1545
124_SUR_0d2-3_C37473807_1_gene748296	31	681
78_SUR_0d2-0d45_scaffold274457_1_gene217327	234	1164
30_DCM_0d2-1d6_C14166219_1_gene780442	155	1155
66_SUR_0d2-3_scaffold267240_1_gene258099	144	1077
93_SUR_0d2-3_scaffold111533_2_gene104117	363	2022
94_SUR_0d2-3_C22754108_1_gene912967	77	1119
100_SUR_0d2-3_scaffold356421_1_gene376490	622	3795
70_SUR_0d2-0d45_scaffold385425_2_gene371528	632	3720
133_DCM_0d2-3_scaffold140243_1_gene135545	70	816
30_SUR_0d2-1d6_C14668239_1_gene585800	84	729
67_SUR_0d2-3_C7619942_1_gene372429	605	1203
48_SUR_0d2-1d6_scaffold290251_1_gene261387	614	3381
65_SUR_0d2-3_scaffold127501_1_gene92582	1009	4182
30_DCM_0d2-1d6_scaffold323285_2_gene345132	176	750
76_SUR_0d2-0d45_C26089108_1_gene575238	480	2172
125_DCM_0d2-3_scaffold267454_1_gene297749	137	762
34_DCM_0d2-1d6_C17420005_1_gene903937	87	1119
100_SUR_0d2-3_C22637723_1_gene678511	346	3396
102_DCM_0d2-3_C27287931_1_gene905445	58	837
78_SUR_0d45-0d8_scaffold215628_1_gene206962	811	3813
133_SUR_0d2-3_scaffold438726_1_gene438287	451	3924
52_DCM_0d2-1d6_scaffold372191_1_gene349963	996	3837
133_DCM_0d2-3_scaffold333452_1_gene412597	1487	3870
9_SUR_0d2-1d6_scaffold8524_1_gene9383	1439	3636
100_SUR_0d2-3_C22638949_1_gene679251	502	3882
68_DCM_0d2-0d45_C15359190_1_gene434997	101	738
78_SUR_0d2-0d45_scaffold302085_1_gene274874	744	3771
7_SUR_0d2-1d6_C8605553_1_gene270800	51	555
102_SUR_0d2-3_C20513674_1_gene689102	230	1137
133_SUR_0d2-3_scaffold88330_2_gene80336	787	2925
30_SUR_0d2-1d6_scaffold245793_1_gene281896	791	3942
82_SUR_0d2-3_scaffold180326_1_gene199974	338	2499
124_SUR_0d2-3_C37084608_1_gene577471	29	510
76_SUR_0d2-0d45_scaffold275494_1_gene243774	271	1659
72_DCM_0d2-3_C15462486_1_gene574714	509	1353
78_SUR_0d2-0d45_C21041672_1_gene385250	48	663
32_DCM_0d2-1d6_scaffold288059_1_gene298266	1030	4059
67_SUR_0d45-0d8_C13064978_1_gene626261	193	1524
70_SUR_0d2-0d45_scaffold167139_1_gene125159	698	3807
133_SUR_0d2-3_scaffold519598_1_gene609386	456	3747
137_DCM_0d2-3_C13683736_1_gene358693	25	519
25_SUR_0d2-1d6_C17032995_1_gene761627	70	642
64_SUR_0d2-3_scaffold103107_1_gene66719	810	2652
111_SUR_0d2-3_C23065258_1_gene613356	269	747
137_SUR_0d2-3_scaffold270145_1_gene268516	537	3837
25_DCM_0d2-1d6_C17261137_1_gene715306	352	3651
111_SUR_0d2-3_C23056606_1_gene608280	98	921
152_DCM_0d2-3_scaffold307247_1_gene306241	122	1035
123_DCM_0d2-3_scaffold343685_1_gene424960	360	1227
93_SUR_0d2-3_scaffold246986_1_gene289100	264	2739
152_DCM_0d2-3_scaffold249024_1_gene216021	2578	3591
109_DCM_0d2-3_scaffold282980_1_gene270226	246	2049
67_SUR_0d2-3_C7640780_1_gene385216	440	1227
67_SUR_0d2-3_scaffold23141_1_gene27093	613	1041
67_SUR_0d2-0d45_scaffold204781_1_gene259597	928	3762
133_DCM_0d2-3_C17966715_1_gene688239	57	924
133_DCM_0d2-3_scaffold297815_1_gene321211	447	3354
133_DCM_0d2-3_C18099289_1_gene754783	100	1386
68_DCM_0d2-0d45_scaffold301585_1_gene302087	1976	3729
133_SUR_0d2-3_scaffold185108_2_gene177877	875	3918
100_SUR_0d2-3_C22607065_1_gene663068	409	1665
72_SUR_0d2-3_C22766942_1_gene413207	71	762
42_SUR_0d2-1d6_scaffold239468_1_gene192167	385	939
85_SUR_0d2-3_scaffold1310_1_gene979	760	3945
100_SUR_0d2-3_C22623053_1_gene670916	86	1047
109_SUR_0d2-3_scaffold291921_1_gene282506	1709	3975
58_DCM_0d2-3_scaffold246733_1_gene230044	96	942
128_DCM_0d2-3_C14533723_1_gene487568	276	1548
30_SUR_0d2-1d6_scaffold265508_1_gene313945	78	690
150_SUR_0d2-3_C22111098_1_gene601092	673	3813
133_SUR_0d2-3_C26702258_1_gene959621	60	798
67_SUR_0d2-0d45_scaffold199764_1_gene238748	492	3738
36_DCM_0d2-1d6_scaffold161522_1_gene137585	838	3408
67_SUR_0d2-0d45_C16968846_1_gene274679	57	507
58_DCM_0d2-3_scaffold258862_1_gene253881	155	930
109_SUR_0d2-3_C21985446_1_gene464310	311	1056
67_SUR_0d2-0d45_scaffold204721_1_gene259197	696	3843
102_DCM_0d2-3_C26613083_1_gene576080	63	561
122_DCM_0d2-0d45_scaffold294196_1_gene448308	1734	4242
85_SUR_0d2-3_C16158397_1_gene280126	71	804
125_DCM_0d45-0d8_scaffold101361_1_gene95601	1357	3915
100_SUR_0d2-3_scaffold316800_2_gene296845	283	1965
132_DCM_0d2-3_C19103789_1_gene488028	26	522
67_SUR_0d2-0d45_C17471366_1_gene531537	724	3741
67_SUR_0d2-0d45_scaffold151827_1_gene151635	148	1344
30_SUR_0d2-1d6_scaffold233946_1_gene265261	1008	3693
112_SUR_0d2-3_C27983593_1_gene292229	62	510
66_SUR_0d2-3_C16000735_1_gene448843	823	2067
67_SUR_0d2-0d45_scaffold200193_1_gene240084	497	1554
78_DCM_0d2-0d45_scaffold409107_1_gene389235	857	3045
76_SUR_0d2-0d45_C25732383_1_gene385614	51	603
133_DCM_0d2-3_scaffold247349_1_gene244186	3532	3918
109_DCM_0d2-3_scaffold134654_1_gene108587	269	1773
78_SUR_0d2-3_C23644787_1_gene368035	331	1254
138_SUR_0d2-3_C24539215_1_gene466503	135	1608
68_SUR_0d2-0d45_scaffold360728_1_gene343457	2265	3906
102_SUR_0d2-3_C20588080_1_gene720480	264	1281
67_SUR_0d45-0d8_C12918579_1_gene561533	445	948
82_SUR_0d2-3_C11189410_1_gene336620	157	993
38_DCM_0d2-1d6_scaffold335103_1_gene328365	198	1062
78_SUR_0d2-0d45_scaffold156991_2_gene104964	1735	3840
125_SUR_0d2-3_scaffold88478_1_gene78570	1258	3933
137_SUR_0d2-3_C22457147_1_gene423323	32	726
67_SUR_0d2-0d45_C17466020_1_gene525610	799	3189
76_SUR_0d45-0d8_C24058696_1_gene302890	159	513
132_DCM_0d2-3_scaffold380915_1_gene372758	34	690
48_SUR_0d2-1d6_C42993756_1_gene461449	97	1236
76_SUR_0d2-0d45_C26025872_1_gene536870	133	972
125_DCM_0d2-0d45_C21728821_1_gene642886	63	906
133_SUR_0d2-3_C26834021_1_gene1017511	334	1665
78_SUR_0d2-0d45_C21267557_1_gene494774	53	537
102_SUR_0d2-3_scaffold262387_1_gene223619	562	4500
82_SUR_0d2-3_scaffold169138_1_gene174528	753	1404
102_SUR_0d2-3_scaffold320456_1_gene279676	911	3975
122_DCM_0d2-3_C14395866_1_gene556907	65	567
9_SUR_0d2-1d6_C13818216_1_gene620757	156	1197
111_SUR_0d2-3_C23064194_1_gene612683	355	1152
149_SUR_0d2-3_C18387382_1_gene600939	578	2055
123_SUR_0d2-0d45_scaffold14626_1_gene8952	488	1896
36_DCM_0d2-1d6_C20874869_1_gene497898	100	834
30_DCM_0d2-1d6_scaffold270213_1_gene279451	696	3579
42_SUR_0d2-1d6_scaffold219328_1_gene167706	281	1680
66_SUR_0d2-3_scaffold93979_1_gene76460	339	2055
100_MES_0d2-3_C14787629_1_gene544175	65	900
4_SUR_0d2-1d6_scaffold50931_3_gene36782	1621	3885
30_SUR_0d2-1d6_C14659757_1_gene582537	150	720
78_SUR_0d2-0d45_C21250017_1_gene485339	255	1233
